Workbook

Sheet TANQUES
A1: PROVINCIA | B1: REGION | C1: MUNICIPIO | D1: CANTIDAD TANQUES | E1: COMUNIDAD | F1: BENEFICIARIOS | G1: AREA DE RIEGO | H1: UBICACIÓN COORDENADAS | J1: TANQUE SOBERANO | L1: PLAZO | M1: DOCUMENTO CONVENIO,OTROS
E2: TANQUES | F2: FAMILIAS | G2: HA | H2: ESTE | I2: NORTE | J2: CEMENTO | K2: FIERRO | L2: DIAS
A3: ARQUE | B3: ANDINA | C3: ARQUE | D3: 1 | E3: KHAPI | F3: 40 | G3: 1.2 | H3: 776493 | I3: 8020658 | J3: 82 | K3: 182 | L3: 90 | M3: CONVENIO
A4: AYOPAYA | C4: COCAPATA | D4: 1 | E4: SEQUE RANCHO | F4: 60 | G4: 1.25 | H4: 736524.78 | I4: 8177158.9 | J4: 89 | K4: 182 | L4: 45
A5: AYOPAYA | C5: INDEPENDENCIA | D5: 1 | E5: KUTI CHALLANI | F5: 27 | G5: 1.5 | H5: 718566 | I5: 8120799 | J5: 89 | K5: 182 | L5: 45
A6: AYOPAYA | C6: MOROCHATA | D6: 1 | E6: CHULLPA K'ASA GRANDE | F6: 77 | G6: 1.8 | H6: 761797.88 | I6: 8082749.5 | J6: 89 | K6: 182 | L6: 45
A7: CAPINOTA | C7: SICAYA
A8: BOLIVAR | C8: BOLIVAR | D8: 1 | E8: COTAÑA | F8: 57 | G8: 1.5 | H8: 769413.22 | I8: 8010333.9 | J8: 111 | K8: 182 | L8: 45
A9: TAPACARI | C9: TACOPAYA
A10: TAPACARI | C10: TAPACARI | D10: 1 | E10: VILA VILA | F10: 23 | G10: 1.4 | H10: 739272.61 | I10: 8062855.8 | J10: 89 | K10: 182 | L10: 45
A11: PUNATA | B11: VALLES | C11: TACACHI
A12: PUNATA | C12: SAN BENITO | D12: 1 | E12: ZONA NORTE | F12: 300 | G12: 2 | H12: 192742.6 | I12: 8061002.9 | J12: 89 | K12: 182 | L12: 45
A13: ARANI | C13: ARANI
A14: ESTEBAN ARCE | C14: ARBIETO | D14: 1 | E14: JAMACHUMA | F14: 15 | G14: 2 | H14: 805082.26 | I14: 8059682 | J14: 89 | K14: 182 | L14: 45
A15: ESTEBAN ARCE | C15: CLIZA | D15: 1 | E15: VARGAS RANCHO | F15: 38 | G15: 4.6 | H15: 187491.06 | I15: 8051685.6 | J15: 89 | K15: 182 | L15: 45
A16: ESTEBAN ARCE | C16: ANZALDO | D16: 1 | E16: CABRERA | J16: 82 | K16: 182 | L16: 90 | M16: CONVENIO
A17: PUNATA | C17: PUNATA | D17: 1 | E17: LA VILLA | F17: 90 | G17: 1 | H17: 202078.05 | I17: 8062004.3 | J17: 89 | K17: 182 | L17: 45
A18: CAPINOTA | C18: CAPINOTA | D18: 2 | E18: VILLCABAMBA-COCOMA | F18: 60 | G18: 3.5 | H18: 797668 801325 | I18: 8022127 8022653 | J18: 178 | K18: 364 | L18: 45
A19: ESTEBAN ARCE | C19: SACABAMBA | D19: 1 | E19: MOJON LOMA | F19: 52 | G19: 10 | H19: 202768 | I19: 8027777 | J19: 89 | K19: 182 | L19: 45
A20: CAPINOTA | C20: SANTIVAÑEZ | D20: 1 | E20: CONDOR MAYU | F20: 55 | G20: 2 | H20: 789517.34 | I20: 8062270 | J20: 89 | K20: 182 | L20: 45
A21: ESTEBAN ARCE | C21: TARATA | D21: 1 | E21: VILLA SAN JOSE | F21: 85 | G21: 2 | H21: 814492.88 | I21: 8045655.5 | J21: 89 | K21: 182 | L21: 45
A22: GERMAN JORDAN | C22: TOCO
A23: GERMAN JORDAN | C23: TOLATA | D23: 1 | E23: VILLA LOURDES | F23: 32 | G23: 2 | H23: 184558.1 | I23: 8058720.2 | J23: 89 | K23: 182 | L23: 45
A24: PUNATA | C24: VILLA RIVERO | D24: 1 | E24: PAJPANI CHICO | F24: 39 | G24: 0.6 | H24: 194533 | I24: 8048801 | J24: 89 | K24: 182 | L24: 45
A25: PUNATA | C25: VILLA G. VILLARROEL | D25: 1 | E25: CONVENTO PAMPA | F25: 17 | G25: 1.2 | H25: 209314.36 | I25: 8040975.1 | J25: 105 | K25: 182 | L25: 45
A26: TIRAQUE | B26: CONO SUR | C26: TIRAQUE | D26: 1 | E26: VIRVINI,PAYCO MAYU ALTO,PAYCO MAYU, 15 DE OCTUBRE Y GRUPO PEQUEÑO | F26: 170 | G26: 6 | H26: 211546.94 | I26: 8069940.9 | J26: 89 | K26: 182 | L26: 45
A27: MIZQUE | C27: MIZQUE | D27: 1 | E27: TUCMA CENTRO | F27: 84 | G27: 0.5 | H27: 252944 | I27: 8021293 | J27: 89 | K27: 182 | L27: 45
A28: JOSE CARRASCO | C28: POCONA | D28: 1 | E28: SINDICATO MONTE PUNCO A | F28: 38 | G28: 0.5 | H28: 256087 | I28: 8053181 | J28: 82 | K28: 182 | L28: 90 | M28: CONVENIO
A29: JOSE CARRASCO | C29: TOTORA | D29: 1 | E29: SINDICATO LAGUNILLAS | F29: 43 | H29: 271128.39 | I29: 8036185.1 | J29: 82 | K29: 182 | L29: 90 | M29: CONVENIO
A30: CAMPERO | C30: OMEREQUE | D30: 1 | E30: PERERETA | F30: 20 | G30: 1.2 | H30: 307431.51 | I30: 7993914.5 | J30: 89 | K30: 182
A31: CAMPERO | C31: PASORAPA | D31: 1 | E31: QUINORI | F31: 20 | G31: 0.5 | H31: 337579 | I31: 7983384 | J31: 82 | K31: 182 | L31: 90 | M31: CONVENIO
A32: CARRASCO | C32: POJO | D32: 1 | E32: BUENA VISTA | F32: 150 | G32: 0.5 | H32: 303995 | I32: 8036923.2 | J32: 82 | K32: 182 | L32: 90 | M32: CONVENIO
A33: ARANI | C33: VACAS | D33: 1 | E33: JUNTUTUYU A | F33: 60 | G33: 2 | H33: 217748.96 | I33: 8055318.7 | J33: 89 | K33: 182 | L33: 45
A34: MIZQUE | C34: VILA VILA | D34: 1 | E34: SIVINGANI | F34: 30 | G34: 1 | H34: 215360.37 | I34: 8016877.5 | J34: 100 | K34: 182 | L34: 45
A35: MIZQUE | C35: RAQAYPAMPA | D35: 1 | E35: SINDICATO DE SLVIA CENTRO-SECTOR HACIENDA PAMPA | F35: 28 | G35: 1.4 | H35: 252955 | I35: 7991459 | J35: 82 | K35: 182 | L35: 90 | M35: CONVENIO
A36: TOTAL | C36: 28 Municipios | D36: =SUM(D3:D35) -> 29 | F36: =SUM(F3:F35) -> 1710 | G36: =SUM(G3:G35) -> 53.15 | J36: =SUM(J3:J35) -> 2581 | K36: =SUM(K3:K35) -> 5278

Sheet UGR
A1: PROVINCIA | B1: REGION | C1: MUNICIPIO | D1: CANTIDAD TANQUES | E1: COMUNIDAD | F1: BENEFICIARIOS | G1: UBICACIÓN COORDENADAS | I1: TANQUE SOBERANO | K1: PLAZO | L1: DOCUMENTO CONVENIO,OTROS
E2: TANQUES | F2: FAMILIAS | G2: ESTE | H2: NORTE | I2: CEMENTO | J2: FIERRO | K2: DIAS
A3: ARQUE | B3: ANDINA | C3: ARQUE | D3: 1 | E3: Berenguela | G3: 773438.00 | H3: 8019773.00 | I3: 96 | J3: 70 | K3: 90
A4: BOLIVAR | C4: BOLIVAR | D4: 1 | E4: Champojo | G4: 747140.00 | H4: 8014143.00 | I4: 96 | J4: 70
A5: ARQUE | C5: TACOPAYA | D5: 1 | E5: Collpa Aguas Calientes | F5: 25 | G5: 752642.00 | H5: 8025442.00 | I5: 96 | J5: 70
A6: TAPACARI | C6: TAPACARI | D6: 1 | E6: Huarancaiza | F6: 55 | G6: 767014.00 | H6: 8045132.00 | I6: 96 | J6: 70
A7: CAPINOTA | C7: SICAYA | G7: 741505.07 | I7: 96 | J7: 70
A8: AYOPAYA | B8: AYOPAYA | C8: INDEPENDENCIA | D8: 1 | E8: Canari Bajo | G8: 741505.07 | H8: 8082955.27 | I8: 96 | J8: 70
A9: TAPACARI | G9: 740399.53 | I9: 96 | J9: 70
A10: AYOPAYA | C10: MOROCHATA | D10: 1 | E10: Compañía Pampa | G10: 754879.27 | H10: 8097691.09 | I10: 96 | J10: 70
A11: PUNATA | C11: TACACHI | G11: 787619.94 | I11: 96 | J11: 70
A12: AYOPAYA | C12: COCAPATA | D12: 1 | E12: Machaca Marca | G12: 740399.53 | H12: 8127819.94 | I12: 96 | J12: 70
A13: ARANI | C13: ARANI | G13: 795223.44 | I13: 96 | J13: 70
A14: ESTEBAN ARCE | B14: VALLES ALTO | C14: ANZALDO | D14: 1 | E14: Jatun Pujru A | F14: 42 | G14: 186348 | H14: 8016669.00 | I14: 96 | J14: 70
A15: CAPINOTA | C15: CAPINOTA | D15: 1 | E15: Sarcobamba | F15: 100 | G15: 787619.94 | H15: 8035783.94 | I15: 96 | J15: 70
A16: ESTEBAN ARCE | C16: SACABAMBA | D16: 1 | E16: Yunkataqui | G16: 206985.59 | H16: 8029651.57 | I16: 96 | J16: 70
A17: CAPINOTA | C17: SANTIVAÑEZ | D17: 1 | E17: Catachilla | G17: 795223.44 | H17: 8057326.64 | I17: 96 | J17: 70
A18: ARANI | C18: ARANI | D18: 1 | E18: Puka Orko | F18: 52 | G18: 773438 | H18: 8019773.00 | I18: 96 | J18: 70
A19: ESTEBAN ARCE | C19: VILLA RIVERO | D19: 1 | E19: Machay Kuchu | F19: 42 | G19: 202071.83 | H19: 8050501.08 | I19: 96 | J19: 70
A20: CAPINOTA | C20: PUNATA | D20: 1 | E20: Waña Kawa | F20: 50 | G20: 199408.03 | H20: 8062995.47 | I20: 96 | J20: 70
A21: ESTEBAN ARCE | B21: CONO SUR | C21: VACAS | D21: 1 | E21: Challwamayu | G21: 224395.73 | H21: 8056416.32 | I21: 96 | J21: 70
A22: GERMAN JORDAN | C22: TOCO | G22: 249934.82 | I22: 96 | J22: 70
A23: GERMAN JORDAN | C23: MIZQUE | D23: 1 | E23: Uyuchama Baja | G23: 242293 | H23: 8013109.00 | I23: 96 | J23: 70
A24: PUNATA | C24: VILA VILA | D24: 1 | E24: K'aspi Corral | F24: 22 | G24: 208407.09 | H24: 8007554.72 | I24: 96 | J24: 70
A25: PUNATA | C25: OMEREQUE | D25: 1 | E25: Alto Omereque | G25: 298641 | H25: 7997113.00 | I25: 96 | J25: 70
A26: TIRAQUE | C26: PASORAPA | D26: 1 | E26: OTB Zona Central | G26: 322669 | H26: 7973364.00 | I26: 96 | J26: 70
A27: MIZQUE | C27: RAQAYPAMPA | D27: 1 | E27: Salvia | G27: 249934.82 | H27: 7993833.92 | I27: 96 | J27: 70
A28: TOTAL | C28: 20 Municipios | D28: =SUM(D3:D27) -> 20 | F28: =SUM(F3:F27) -> 388 | I28: 1920 | J28: 1400

Sheet GEOMEMBRANA
A1: PROVINCIA | B1: REGION | C1: MUNICIPIO | D1: COMUNIDAD | E1: BENEFICIARIOS | F1: AREA DE RIEGO | G1: GEOMEMBRANA | H1: UBICACIÓN COORDENADAS | J1: PLAZO | K1: DOCUMENTO CONVENIO,OTROS
D2: GEOMEMBRANA | E2: FAMILIAS | F2: HA | G2: M2 | H2: ESTE | I2: NORTE
A3: AYOPAYA | B3: ANDINA | C3: COCAPATA | D3: COCAPATA | E3: 56 | F3: 70 | G3: 1705.36 | H3: 747736.88 | I3: 8140722 | J3: 30
A4: AYOPAYA | C4: MOROCHATA | D4: PUNACACHI BAJO | E4: 23 | F4: 42 | G4: 2081.33 | H4: 754564.82 | I4: 8091798.2 | K4: CONVENIO
A5: BOLIVAR | C5: BOLIVAR | D5: PAMPAJASI | E5: 54 | F5: 20 | G5: 2409.56 | H5: 762373 | I5: 8011624 | J5: 30
A6: TAPACARI | C6: TACOPAYA | D6: ACHACOTA | E6: 18 | F6: 5 | G6: 1400 | H6: 756772 | I6: 8037038 | J6: 30 | K6: CONVENIO
A7: TAPACARI | C7: TAPACARI | D7: LIRIUNI | E7: 18 | F7: 2.02 | G7: 1030 | H7: 742741.89 | I7: 8065178.7 | J7: 30
A8: CAPINOTA | B8: VALLES | C8: CAPINOTA | D8: SAMANCHA | E8: 40 | F8: 45 | G8: 1700 | H8: 791600 | I8: 8031041 | J8: 30
A9: MIZQUE | B9: CONO SUR | C9: ALALAY | D9: SIVINGANI | E9: 19 | F9: 5 | G9: 1600 | H9: 229920 | I9: 8021892 | J9: 30 | K9: CONVENIO
A10: CAMPERO | C10: PASORAPA | D10: LA YUNGA | E10: 10 | F10: 3 | G10: 1969.75 | H10: 337517 | I10: 7979926 | J10: 30 | K10: CONVENIO
A11: MIZQUE | C11: VILA VILA | D11: MULU K'UCHU | E11: 30 | F11: 1.05 | G11: 1800 | H11: 220184 | I11: 8016768 | J11: 30
A12: MIZQUE | C12: RAQAYPAMPA | D12: MOLINERO-SECTOR WASA MAYU | E12: 22 | F12: 22 | G12: 1600 | H12: 247686 | I12: 7981270 | J12: 30 | K12: CONVENIO
A13: QUILLACOLLO | B13: METROPOLITANA | C13: QUILLACOLLO | D13: PUCARA | E13: 80 | F13: 5 | G13: 750 | H13: 787440 | I13: 8083427 | J13: 30 | K13: CONVENIO
A14: TOTAL | B14: TOTAL | C14: 11 Municipios | D14: 11 | E14: =SUM(E3:E13) -> 370 | F14: =SUM(F3:F13) -> 220.07 | G14: =SUM(G3:G13) -> 18046

Sheet RESULTADO
A1: DOTACIÓN DE CEMENTO, FIERRO Y GEOMEMBRANA
A2: REGIÓN | B2: MUNICIPIOS | C2: TANQUES SOBERANOS DE 50 M3 | D2: TANQUES DE H° A° DE 22 M3 | E2: GEOMEMBRANA | F2: AREA | G2: FAMILIAS
A3: ANDINA | B3: ARQUE | C3: 1 | D3: 1 | F3: =TANQUES!G3 -> 1.2
B4: COCAPATA | C4: 1 | D4: 1 | E4: 1 | F4: =TANQUES!G4+GEOMEMBRANA!F3 -> 71.25
B5: INDEPENDENCIA | C5: 1 | D5: 1 | F5: =TANQUES!G5 -> 1.5
B6: MOROCHATA | C6: 1 | D6: 1 | E6: 1 | F6: =TANQUES!G6+GEOMEMBRANA!F4 -> 43.8
B7: BOLIVAR | C7: 1 | D7: 1 | E7: 1 | F7: =TANQUES!G8+GEOMEMBRANA!F5 -> 21.5
B8: TACOPAYA | D8: 1 | E8: 1 | F8: =GEOMEMBRANA!F6 -> 5
B9: TAPACARI | C9: 1 | D9: 1 | E9: 1 | F9: =TANQUES!G10+GEOMEMBRANA!F7 -> 3.42
A10: VALLES | B10: SAN BENITO | C10: 1 | F10: =TANQUES!G12 -> 2
B11: ARANI | D11: 1
B12: ARBIETO | C12: 1 | F12: =TANQUES!G14 -> 2
B13: CLIZA | C13: 1 | F13: =TANQUES!G15 -> 4.6
B14: ANZALDO | C14: 1 | D14: 1
B15: PUNATA | C15: 1 | D15: 1 | F15: =TANQUES!G17 -> 1
B16: CAPINOTA | C16: 2 | D16: 1 | E16: 1 | F16: =TANQUES!G18+GEOMEMBRANA!F8 -> 48.5
B17: SACABAMBA | C17: 1 | D17: 1 | F17: =TANQUES!G19 -> 10
B18: SANTIVAÑEZ | C18: 1 | D18: 1 | F18: =TANQUES!G20 -> 2
B19: TARATA | C19: 1 | F19: =TANQUES!G21 -> 2
B20: TOLATA | C20: 1 | F20: =TANQUES!G23 -> 2
B21: VILLA RIVERO | C21: 1 | D21: 1 | F21: =TANQUES!G24 -> 0.6
B22: VILLA G. VILLARROEL | C22: 1 | F22: =TANQUES!G25 -> 1.2
A23: CONO SUR | B23: ALALAY | E23: 1 | F23: =GEOMEMBRANA!F9 -> 5
B24: TIRAQUE | C24: 1 | F24: =TANQUES!G26 -> 6
B25: MIZQUE | C25: 1 | D25: 1 | F25: =TANQUES!G27 -> 0.5
B26: POCONA | C26: 1 | F26: =TANQUES!G28 -> 0.5
B27: TOTORA | C27: 1 | F27: =TANQUES!G29 -> 0
B28: OMEREQUE | C28: 1 | D28: 1 | F28: =TANQUES!G30 -> 1.2
B29: PASORAPA | C29: 1 | D29: 1 | E29: 1 | F29: =TANQUES!G31 -> 0.5
B30: POJO | C30: 1 | F30: =TANQUES!G32 -> 0.5
B31: VACAS | C31: 1 | D31: 1 | F31: =TANQUES!G33 -> 2
B32: VILA VILA | C32: 1 | D32: 1 | E32: 1 | F32: =TANQUES!G34 -> 1
B33: RAQAYPAMPA | C33: 1 | D33: 1 | E33: 1 | F33: =TANQUES!G35 -> 1.4
A34: METROPOLITANA | B34: QUILLACOLLO | E34: 1 | F34: =TANQUES!G36 -> 53.15
B35: 32 | C35: =SUM(C3:C33) -> 29 | D35: =SUM(D3:D33) -> 20 | E35: =SUM(E3:E34) -> 11 | F35: =SUM(F3:F34) -> 295.32
